{
  "environment": "web",
  "format": "html",
  "prefix": "https://storage.googleapis.com",
  "mainga": "UA-49880327-14",
  "updated": "2025-02-23T21:43:40+01:00",
  "id": "lab01_appunti",
  "duration": 0,
  "title": "Informatica ed elementi di programmazione I 2024/2025 (unitn.it) :: Lezione 01 del 19/02/2025 di Maurizio Boscaini",
  "authors": "Maurizio Boscaini",
  "summary": "Informatica ed elementi di programmazione I 2024/2025 (unitn.it)",
  "source": "lab01_appunti.md",
  "theme": "",
  "status": [
    "published"
  ],
  "category": [
    "computerscience"
  ],
  "tags": [
    "medium"
  ],
  "url": "lab01_appunti"
}
